Archivo,Resumen,Personas relacionadas,Época
"Biczel - Sobre la imposibilidad de trazar un mapa. El «fracaso» de la Bienal de Lima 1997-2002 [Caiana]","Dorota Biczel analiza el «fracaso» de la Bienal Iberoamericana de Lima (1997, 1999, 2002), contrastando su borramiento con el éxito internacional de los proyectos site-specific de su tercera edición. Examina cómo mutó la noción de sitio en los noventa mediante obras de Francis Alÿs, Allora & Calzadilla y López Cuenca con Tupac*Caput, en el marco de la transición política tras la caída de Fujimori.","Dorota Biczel; Francis Alÿs; Allora & Calzadilla; Rogelio López Cuenca; Luis Lama; Cuauhtémoc Medina; Alberto Andrade","Artículo de 2017 (Caiana); trata la Bienal 1997-2002 y la transición pos-Fujimori"
"Borea - Configuring the New Lima Art Scene (2021)","Libro antropológico de Giuliana Borea (Routledge) que examina la reconfiguración de la escena limeña desde una perspectiva latinoamericana. Rastrea prácticas de artistas, curadores, coleccionistas, galeristas y museos, identificando tres momentos: exploraciones y narrativas curatoriales; refuerzo museal y redes latinoamericanas; y auge del mercado. Intercala capítulos analíticos con trayectorias de artistas, vinculando arte, globalización, neoliberalismo y ciudad.","Giuliana Borea; Fernando Bryce; Natalia Iguíñiz; Rember Yahuarcani; Elena Damiani; Sandra Gamarra","Publicado en 2021; analiza la escena limeña del siglo XXI"
"Buntinx - Lava la bandera (2017) [Collective Situations, cap. 1]","Gustavo Buntinx analiza el Colectivo Sociedad Civil y su ritual participativo «Lava la bandera» (2000), acción de limpieza patriótica en la Plaza Mayor que contribuyó al derrocamiento cultural de la dictadura Fujimori-Montesinos. Estudia el poder simbólico, la construcción de ciudadanía activa y rituales derivados como «Cose la bandera», vinculando el arte con la política más allá del circuito artístico.","Gustavo Buntinx; Fernando Bryce; Claudia Coca; Emilio Santisteban; Susana Torres; Fujimori; Montesinos","Texto en inglés (2017), basado en original de 2006; trata los sucesos de 2000-2001"
"Buntinx - Los signos mesiánicos. Fardos y banderas en la obra de Eduardo Tokeshi... 1980-1992","Buntinx interpreta la obra de Eduardo Tokeshi durante la «República de Weimar peruana» (1980-1992), centrándose en el fardo funerario —momia, feto y semilla— y las banderas que enlazan muerte, violencia política y resurrección mítica (Inkarrí). Vincula Uchuraccay, los desaparecidos y referentes como Christo, Jasper Johns y Eielson, revelando cómo la pequeña burguesía ilustrada procesa la guerra interna.","Gustavo Buntinx; Eduardo Tokeshi; Jaime Higa; Jorge Eduardo Eielson; Christo; Jasper Johns","Ponencia de 1994, publicada 1995; trata 1980-1992"
"Buntinx - The Power and the Illusion... 1980-1992 [EN]","Versión inglesa del ensayo de Buntinx sobre el aura benjaminiana, perdida y restaurada, en la «República de Weimar peruana» (1980-1992). Analiza dos obras clave: la «Sarita Colonia» del grupo Huayco (1980) y la serigrafía «Viva el maoísmo/Maorilyn» del colectivo NN (1989), estudiando apropiación, montaje, pop achorado, Sendero Luminoso, Warhol y la lucha por el poder simbólico en un país en guerra civil.","Gustavo Buntinx; grupos Huayco y NN; Walter Benjamin; Andy Warhol; Jesús Ruiz Durand","Original español 1995, versión inglesa en Beyond the Fantastic; trata 1980-1992"
"Castrillón - La generación del 68. Entre la agonía y la fiesta de la modernidad","Capítulo de Alfonso Castrillón (serie «Tensiones generacionales») sobre la generación del 68 peruana: artistas que adoptaron Pop, Op, Conceptual y Filo Duro. Reconstruye el contexto político desde Belaúnde hasta Velasco, el desarrollo del mercado y galerías, y sobre todo el pensamiento crítico de Juan Acha sobre la «peruanidad», las importaciones culturales, la abstracción y la modernidad rezagada.","Alfonso Castrillón; Juan Acha; Fernando de Szyszlo; Tilsa Tsuchiya; Belaúnde; Velasco","Publicado c.2000-2003; trata el periodo 1963/1968-1980"
"Castrillón - Reflexiones sobre el arte conceptual en Perú y sus proyecciones","Ponencia de Castrillón en el Primer Coloquio Latinoamericano de Arte No-Objetual (Medellín, 1981). Rastrea la desaparición del objeto desde Dadá y Duchamp hasta el conceptualismo, y sus primeras manifestaciones en Perú: Emilio Hernández, Teresa Burga y Rafael Hastings. Sostiene que la premiación del retablista López Antay (1976) fue la mejor acción de arte conceptual peruana. Cuestiona el no-objetualismo absoluto y defiende una crítica operativa.","Alfonso Castrillón; Duchamp; Juan Acha; Teresa Burga; Rafael Hastings; Emilio Hernández; Joaquín López Antay","Ponencia de 1981 (Medellín); trata el conceptualismo peruano de fines de los 60 y 70"
"Conversatorio - Hay algo incomestible en la garganta - 2021-10-13 [Sala de Lectura]","Conversatorio en torno a la exposición homónima, curada por Miguel A. López sobre poéticas antipatriarcales de los noventa (1988-2002). Las artistas describen obras —performances con el cuerpo desnudo, «Recuerdo», banderas y la interactiva «Máquina de Carne»— reflexionando sobre la dictadura fujimorista, la misoginia, el autorretrato, la guerra interna, la censura y el feminismo emergente.","Miguel A. López; Elena Tejada-Herrera; Susana Torres; Claudia Coca; Natalia Iguíñiz","Transcripción de 2021; discute la producción de los años noventa (1988-2002)"
"Del Valle - La fiesta del no-objetualismo. Polémicas sobre arte contemporáneo en América Latina","Augusto del Valle reconstruye el Primer Coloquio Latinoamericano de Arte No-Objetual y Arte Urbano (Medellín, 1981), dirigido por Juan Acha. Repasa el origen y vigencia de la categoría no-objetualismo frente a esencialismos identitarios e internacionalismos de mercado, en el contexto de la crisis de la deuda latinoamericana y las bienales de São Paulo y La Habana, repasando posturas disidentes de críticos regionales.","Augusto del Valle; Juan Acha; Marta Traba; Mário Pedrosa; Aracy Amaral; Néstor García Canclini","Ensayo de marzo de 2007; analiza el coloquio de 1981 (periodo 1978-1981)"
"Del Valle - Memoria sin territorio, territorio sin memoria","Del Valle evalúa críticamente la participación peruana en la primera Bienal Iberoamericana de Lima. Organiza el análisis en tres ejes —lo político, el esteticismo y el pluralismo— para pensar el «imaginario colectivo» tras la violencia interna. Comenta obras de Cristina Planas, Guerra García, Runcie Tanaka, Tokeshi, Santisteban, Luz María Bedoya y la performance de Elena Tejada, discutiendo memoria, territorio, subjetividad y testimonio.","Augusto del Valle; Cristina Planas; Carlos Runcie Tanaka; Eduardo Tokeshi; Emilio Santisteban; Luz María Bedoya; Elena Tejada","Escrito c.1998-1999; trata el Perú de fin de siglo pos-conflicto"
"E.P.S. Huayco - Arte al paso (1981) [librillo bilingüe, Locarno].pdf","Librillo bilingüe español-alemán (Edizioni Flaviana, Locarno) que acompaña el video de 28 min «Arte al Paso» del colectivo E.P.S. Huayco. Documenta su intento de dialogar con el público popular urbano frente al público «culto» de galerías, con una encuesta en dos plazas. Reproduce el manifiesto del Festival Contacta 79 (Barranco, 1979), un ensayo de Manuel Lajo sobre la leche y las transnacionales, y comentarios de Mirko Lauer.","Colectivo E.P.S. Huayco; Mirko Lauer; Manuel Lajo; Federico Morais","Publicado en 1981 (Locarno); trata el Perú de fines de los 70 e inicios de los 80"
"Elera, Gonzales y Silva - Lunes de crítica 2017-2018. Convulsión y autoorganización","Balance colectivo del programa autogestionado «Lunes de Crítica» (2017-2018), quince mesas en el Museo de Arte de San Marcos. Repasa escándalos del sector (2014-2018): borrado de murales, plagios, Proyecto Fugaz, Bienal de Venecia y el LUM. Reflexiona sobre autoorganización, ciudadanía y crítica. Incluye «Las musas del lodo» de Raimond Chaves, que piensa el dibujo desde «Mud Muse» de Rauschenberg.","Andrea Elera; Gustavo Gonzales; Raúl Silva; Raimond Chaves; Augusto del Valle","Publicado hacia 2019; trata la escena limeña de 2014-2018"
"Entrevista - Flores Hora, David - 2026-04-16","Entrevista al historiador y gestor sanmarquino David Flores Hora. Repasa su trayectoria (Centro Cultural de España, Sala Miró Quesada Garland, ICPNA, coordinación de artes visuales del Ministerio de Cultura para ARCO Madrid, LUM). Reflexiona sobre la efervescencia del arte crítico limeño entre 2000 y 2010, su institucionalización y las sucesivas «dictaduras» de la crítica, la curaduría y el coleccionismo.","David Flores Hora; Carlos Zevallos (entrevistador); Jorge Villacorta; José Carlos Mariátegui; Miguel López; Christian Bendayán","Entrevista del 16 de abril de 2026; trata el periodo 2000-2020"
"Entrevista - Germaná, Gabriela - 20 de noviembre","Entrevista a la historiadora y curadora Gabriela Germaná sobre el «mandato crítico». Discute la emergencia del arte político en los ochenta, la reivindicación del arte popular e indígena, y cómo la criticidad —sobre todo de género— permitió a artistas como Venuca Evanán y Violeta Quispe (tablas de Sarhua) ingresar al circuito contemporáneo. Aborda concursos, jurados, museos y un posible extractivismo epistémico del norte global.","Gabriela Germaná; Carlos Zevallos (entrevistador); Venuca Evanán; Violeta Quispe; Miguel López; Natalia Majluf","Entrevista c.2025 («20 de noviembre»); trata de los ochenta a los 2020"
"Entrevista - Hernández Calvo, Max - 7jul2025","Entrevista al crítico y curador Max Hernández Calvo en torno al «mandato crítico». Rastrea la instauración de la «lógica de proyecto» desde las Bienales de Lima (1997-1998), la formación en MFA y residencias, y la exigencia de statements y portafolios discursivos. Vincula la orientación crítica del arte con museos, ferias, concursos (ICPNA, Pasaporte) y coleccionistas. Reflexiona sobre precariedad institucional, colapso de la escena y extractivismo del mercado.","Max Hernández Calvo; Carlos Zevallos (entrevistador); Miguel López; Emilio Tarazona; Teresa Burga; coleccionistas (Verme, Rebaza)","Entrevista del 7 de julio de 2025; trata de los noventa a los 2020"
"Entrevista - Lerner, Sharon - sin fecha","Entrevista a Sharon Lerner, curadora de arte contemporáneo y directora del MALI. Explica que el museo no maneja una definición taxativa de «arte contemporáneo», sino discusiones operativas ligadas a la colección y al Comité de Adquisiciones. Recuerda el catálogo Sura (2013), el fondo amazónico (2015) y el rol del MALI como museo panorámico. Reflexiona sobre criticidad, programación por invitación, públicos y resiliencia tras la pandemia.","Sharon Lerner; Carlos Zevallos (entrevistador); Natalia Majluf; Tatiana Cuevas; Jorge Villacorta; Rodrigo Quijano","Transcrita el 15 de julio de 2026; trata de 2007-2008 a 2025"
"Entrevista - Rebaza Torres, Alberto - 2023-10-12 (editada).docx","Entrevista al coleccionista Alberto «Tito» Rebaza Torres, presidente del MALI. Narra el origen de su interés por el arte peruano y latinoamericano contemporáneo desde fines de los noventa, el «impacto» y la «misión» del coleccionismo como plataforma para artistas, y el Comité de Adquisiciones (2006). Reflexiona sobre filantropía, debilidad institucional peruana, galerías, residencias y su búsqueda de obra con contenido, inteligencia y estética.","Alberto Rebaza Torres; Carlos Zevallos (entrevistador); Sandra Gamarra; Jorge Eielson; Eduardo Hochschild; Juan Carlos Verme","Entrevista del 12 de octubre de 2023; trata de fines de los noventa a 2023"
"Entrevista - Tokeshi, Eduardo - sin fecha","Entrevista al artista Eduardo Tokeshi (n. 1960). Relata su formación en la PUCP entre abstracción y figuración, y el surgimiento de sus «banderas» desde 1985 en medio del conflicto armado. Menciona la Bienal de Trujillo (1987), «Algo va a pasar», las muestras de Luis Lama y la aparición de la profesionalización, la lógica de proyecto y la figura del curador. Describe obras como la bandera de bolsas de transfusión.","Eduardo Tokeshi; Carlos Zevallos (entrevistador); Gustavo Buntinx; Luis Lama; Helmut Psotta (grupo Chaclacayo); Jorge Eielson","Entrevista c.2025; trata de los ochenta a los 2000"
"Entrevista - Villacorta, Jorge - 2026-05-06","Primera de dos entrevistas a Jorge Villacorta. Relata cómo construyó su noción de arte crítico desde el dadaísmo, el surrealismo, el punk británico, Buchloh, Osborne y Huyssen. Discute la institucionalización de la criticidad, la inexistente esfera pública limeña, las bienales de Lima y Trujillo, la censura, Hans Haacke, el performance de Elena Tejada y casos como Huayco, Herbert Rodríguez y Flavia Gandolfo.","Jorge Villacorta; Carlos Zevallos (entrevistador); Andreas Huyssen; Benjamin Buchloh; Hans Haacke; Herbert Rodríguez; Elena Tejada","Grabada el 6 de mayo de 2026; trata de c.1970 a los 2020, con énfasis en 1990-2020"
"Entrevista - Villacorta, Jorge - 2026-06-08","Segunda entrevista a Villacorta. Reconstruye el nacimiento de la crítica y del arte crítico peruano desde la tensión Lauer-Szyszlo-Buntinx. Analiza el coleccionismo peruano, tibio y desapegado, la fuga de artistas como Gamarra y Bryce, la periodización de Borea, y narra el origen del concurso Pasaporte para un Artista, el papel de la Alianza Francesa y la Embajada, y la estructura institucional del MALI.","Jorge Villacorta; Carlos Zevallos (entrevistador); Mirko Lauer; Fernando de Szyszlo; Gustavo Buntinx; Sandra Gamarra; Giuliana Borea","Grabada el 8 de junio de 2026; trata de los ochenta a los 2020, foco fines de los noventa y 2000"
"Flynn, Iñigo Clavo, Lemos y Portocarrero - Introduction (2026) [Unmaking to Make]","Introducción al volumen Unmaking to Make. Los editores examinan el giro descolonial en el arte contemporáneo latinoamericano, impulsado por los bicentenarios y ejemplificado en Sandra Gamarra. Critican la cooptación institucional del discurso descolonizador en el Norte global y la teoría del Grupo Modernidad/Colonialidad. Proponen reorientar el horizonte teórico hacia la práctica artística, organizando el libro en cuatro ejes: contragenealogías, instituciones, descolonización del lenguaje y futuros.","Alex Ungprateeb Flynn; María Iñigo Clavo; Beatriz Lemos; Florencia Portocarrero; Sandra Gamarra; Walter Mignolo; Aníbal Quijano","Publicado en 2026 (UCL Press); trata el giro descolonial desde los noventa y los bicentenarios (2009-2022)"
"Gamboa - Fuego cruzado en la Bienal de Arte de Lima","Crónica periodística de Jeremías Gamboa sobre la I Bienal de Arte de Lima. Narra la polémica desatada por la crítica mexicana Raquel Tibol, que acusó al evento de falta de rigor por el desbalance (129 peruanos frente a 33 extranjeros) y los criterios democráticos de selección de Luis Lama. Incluye el debate paralelo sobre la existencia de un arte latinoamericano, con García Canclini, Bélgica Rodríguez y Edward Sullivan.","Jeremías Gamboa; Luis Lama; Raquel Tibol; Néstor García Canclini; Bélgica Rodríguez; Edward Sullivan","Artículo c.1997-1998, sobre la I Bienal de Lima (1997)"
"Germaná y Portocarrero - The «Indigenous turn» and the rise of Amazonian art (2026) [Unmaking to Make, cap. 8]","Capítulo sobre el giro indígena y el auge del arte amazónico peruano. Reconstruyen la labor seminal del Seminario de Historia Rural Andina (SHRA), dirigido por Pablo Macera con Belén Soria, que profesionalizó a autodidactas como Víctor Churay, Elena Valera, Roldán Pinedo y Lastenia Canayo. Analizan su metodología colaborativa palabra-imagen y las tensiones actuales con Sara Flores, la Bienal de Venecia y la crítica de Natalia Majluf.","Gabriela Germaná; Florencia Portocarrero; Pablo Macera; María Belén Soria; Víctor Churay; Elena Valera; Sara Flores; Natalia Majluf","Publicado en 2026 (cap. 8); SHRA fundado en 1966, giro indígena de los 90, hasta 2025"
"Hernández Calvo y Villacorta - Franquicias imaginarias (2002) [OCR B]","Versión OCR (B), con abundantes errores de reconocimiento, del libro Franquicias imaginarias. Ensayo panorámico sobre las opciones estéticas en las artes plásticas peruanas de fin de siglo, ante el vacío crítico e institucional. Recorre el modernismo tardío y la abstracción (Szyszlo, Grau), la vanguardia, la reforma velasquista, la institucionalización postideológica, la globalización y lo social, en once capítulos temáticos centrados en Lima.","Max Hernández Calvo; Jorge Villacorta; Fernando de Szyszlo; Ricardo Grau; Mirko Lauer; Alfonso Castrillón","Libro de 2002 (Fondo Editorial PUCP); analiza el arte peruano c.1950-2000"
"Hernández Calvo y Villacorta - Franquicias imaginarias (2002) [OCR A]","Versión OCR (A), más limpia y estructurada, del mismo libro. Los autores ofrecen una lectura temática (no cronológica) del arte visual peruano de fin de siglo, desde la abstracción moderna hasta la política. Discuten la precariedad del sistema artístico, la ausencia de un museo de arte contemporáneo, el mercado incipiente y la relación entre arte, ideología y esfera social, capítulo por capítulo.","Max Hernández Calvo; Jorge Villacorta; Fernando de Szyszlo; Ricardo Grau; Mirko Lauer; Hal Foster","Libro de 2002 (Fondo Editorial PUCP); analiza el arte peruano c.1950-2000"
"Buntinx - Arte joven peruano, ¿el sueño del mercado propio? Conversación con Claudia Polar (1983) [Hueso Húmero 18]","Entrevista de Buntinx a Claudia Polar, directora de la Galería Forum. Polar analiza la gestación de un mercado para el arte joven peruano durante los setenta, el papel subvencionador de Forum, los picos y recesiones económicos ligados a las importaciones, precios y coleccionistas, el vínculo con la Escuela de la Católica, y la lógica de relaciones públicas que sostiene la venta plástica limeña.","Gustavo Buntinx; Claudia Polar; Elida Román; Bill Caro; Esther Vainstein; Hernán Pazos","Publicada en 1983 (Hueso Húmero 18); analiza el mercado de los 70 e inicios de los 80"
"Buntinx - ¿Entre lo popular y lo moderno? Alternativas... en la joven plástica peruana (1983) [Hueso Húmero 18]","Ensayo de Buntinx que propone hipótesis sobre lo alternativo en el arte erudito peruano entre los sesenta y los ochenta, articulando los tópicos de lo popular y lo moderno. Analiza la Teoría de las Raíces Nacionales, el frenesí Pop, las alternativas del velasquismo, Huayco EPS y Sarita Colonia, y la accidentada búsqueda de un soporte social de mercado, apoyándose en Lauer y García Canclini.","Gustavo Buntinx; Mirko Lauer; Juan Acha; Francisco Mariotti; Jesús Ruiz Durand; Néstor García Canclini","Publicado en 1983 (Hueso Húmero 18); analiza la plástica c.1960-1983"
"Freire - Herbert Rodríguez, azote y azúcar con el sistema (1983) [Hueso Húmero 18]","Reseña crítica de Luis Freire sobre el joven Herbert Rodríguez, quien saltó de «Sarita Colonia» y la EPS Huayco a la XVII Bienal de São Paulo. Analiza su herencia de Francisco Mariotti, su expresionismo «pobre» y anti-institucional, el reciclaje de materiales, sus «altares» de filiación religiosa popular andina, y las contradicciones de un artista contestatario que dinamita y a la vez enluce el circuito plástico limeño.","Luis Freire; Herbert Rodríguez; Francisco Mariotti; Juan Acha; Fernando Bedoya; Juan Javier Salazar","Publicado en 1983 (Hueso Húmero 18); trata fines de los 70 e inicios de los 80"
"Lama - Los años de la resaca (1983) [Hueso Húmero 18]","Ensayo panorámico de Luis Lama sobre la joven plástica peruana desde el terremoto del 74 hasta el segundo belaundismo. Repasa a Francisco Mariotti, Contacta, Sinamos, la crisis de Bellas Artes, la consolidación del mercado del arte y el paso del surrealismo al nuevo expresionismo. Dedica su segunda parte a un extenso retrato de Hernán Pazos, pintor conceptual, solitario y elitista, «artista más destacado de la década».","Luis Lama; Francisco Mariotti; Hernán Pazos; Juan Acha; Tilsa Tsuchiya; Herbert Rodríguez","Publicado en 1983 (Hueso Húmero 18); abarca los 70 y comienzos de los 80"
"Kusunoki y Lerner - Reconsidering the «art museum» (2026) [Unmaking to Make, cap. 5]","Kusunoki y Lerner reflexionan sobre la historia de las colecciones del MALI (fundado 1961) y su tensión entre «arte culto», «arte popular» e «indígena». Analizan la incorporación de la serie Piraq Causa de Sarhua y la creación de un eje amazónico, cuestionando las ficciones modernistas y las dicotomías de clase y etnia. Proponen una política de colección histórica que desmonte esencialismos y jerarquías.","Ricardo Kusunoki; Sharon Lerner; Natalia Majluf; Gabriela Germaná; Brus Rubio; José Sabogal","Publicado en 2026 (cap. 5); recorre el MALI de 1961 a exhibiciones de 2019-2022"
"López, Miguel A. (ed.) - Hay algo incomestible en la garganta (2021) [catálogo ICPNA]","Catálogo bilingüe de la exposición del ICPNA curada por Miguel A. López sobre poéticas antipatriarcales y la nueva escena de mujeres y disidencia sexual en los noventa peruanos. Organizado en módulos temáticos (autorrepresentación, misoginia, género, cuidado, violencia política, cuerpos gestantes), reúne artistas, colectivos, activistas y creadoras indígenas y campesinas frente al «hechizo neoliberal» y la dictadura fujimorista, con ensayos de varias autoras.","Miguel A. López; Elena Tejada-Herrera; Susana Torres; Montserrat Álvarez; María Eugenia Yllia","Publicado en 2021 (ICPNA); trata la escena de los años noventa"
"López, Miguel A. - How Do We Know What Latin American Conceptualism Looks Like?","Ensayo que problematiza la historiografía del «conceptualismo latinoamericano» a partir de la muestra Global Conceptualism (1999). Usando la cartografía queer de Preciado, critica la dicotomía «ideológico/analítico» de Mari Carmen Ramírez y la canonización de «Tucumán Arde» (1968). Analiza la exposición-archivo Inventario (Carnevale, 2008) y la obra de Eduardo Costa, abogando por traicionar la historia y reactivar sus discontinuidades.","Miguel A. López; Eduardo Costa; Luis Camnitzer; Mari Carmen Ramírez; Beatriz Preciado; Graciela Carnevale","Ensayo c.2010 (Afterall); analiza el conceptualismo de los 60-70 y su historización"
"López, Miguel A. - Los feminismos van a vencer. Una introducción [dic. 2018]","Introducción de López a su libro sobre feminismos como política del afecto, vulnerabilidad y resistencia colectiva. Retoma a Segato, Fanon y Quijano, discute Ni Una Menos, el pañuelo verde y la «pedagogía de la crueldad». Defiende prácticas curatoriales situadas, el arte como refugio, y el feminismo como metodología para reescribir la historia del arte y crear genealogías transfeministas. Incluye presentación de Claudia Salazar Jiménez.","Miguel A. López; Claudia Salazar Jiménez; Rita Segato; Frantz Fanon; Aníbal Quijano; Giuseppe Campuzano","Textos de 2012-2018 (intro. dic. 2018); enfocan de los sesenta a los noventa"
"López, Miguel A. - Parientes extraviados, Cuerpo vehículo político y A contratiempo (tres ensayos)","Tres ensayos de López sobre poéticas antipatriarcales peruanas entre los sesenta y ochenta. Rastrea la invisibilización de mujeres y disidencia sexual, la vanguardia (Arte Nuevo, Teresa Burga), el cuerpo como vehículo político frente a la violencia y Sendero Luminoso, el afeminamiento performativo (Grupo Chaclacayo, Sergio Zevallos), y las cronodisidencias de Teresa Burga, reclamando una genealogía de «parientes extraviados».","Miguel A. López; Teresa Burga; Gloria Gómez-Sánchez; Sergio Zevallos; Grupo Chaclacayo; Giuseppe Campuzano","Ensayos c.2019-2021; abarcan prácticas de los sesenta a ochenta"
"Buntinx - El poder y la ilusión (1980-1992) [MALI]","Versión española para el MALI del texto de Buntinx (1995) sobre la pérdida y restauración del «aura» benjaminiana en la «República de Weimar peruana», entre la democracia de 1980 y el autogolpe de Fujimori-Montesinos de 1992. Analiza la plástica radical, el pop «achorado»/«chicha», la EPS Huayco y el Taller NN como respuestas a la violencia, la migración y el conflicto armado interno.","Gustavo Buntinx; Walter Benjamin; EPS Huayco; Taller NN; Francisco Mariotti; Herbert Rodríguez","Reeditado para el MALI c.2013 (original 1995); analiza 1980-1992"
"Lerner - Formando la colección de arte contemporáneo del MALI (2013).txt","Texto de Sharon Lerner que traza la historia del arte reciente peruano desde la colección contemporánea del MALI. Parte de fines de los setenta («solo lo popular es moderno» de Lauer), la EPS Huayco, la migración y transformación de Lima, los años de violencia, el autogolpe de 1992, la Bienal Iberoamericana de 1997 y la inserción internacional posterior. Presenta ejes temáticos y ensayos complementarios del catálogo.","Sharon Lerner; Mirko Lauer; Gustavo Buntinx; Miguel López; Rodrigo Quijano; Hernán Pazos","Publicado en 2013 (MALI); recorre de mediados de los sesenta a c.2013, énfasis 1980-2010"
"López, Miguel A. - F(r)icciones cosmopolitas. Redefiniciones... de una idea de vanguardia en los años 60s","Ensayo que analiza la vanguardia limeña de los sesenta: la efervescencia ligada al desarrollismo panamericano, el declive de la abstracción, la irrupción del Pop y del grupo Arte Nuevo, y la radicalización política post-1968 bajo el velasquismo. Estudia la redefinición de la vanguardia, del cosmopolitismo ingenuo a la «guerrilla cultural», cerrando con el exilio de Juan Acha y los colectivos populares posteriores.","Miguel A. López; Juan Acha; Fernando de Szyszlo; Jorge Romero Brest; Teresa Burga; Jesús Ruiz Durand","Escrito c.2011-2019; trata 1945-1980, foco 1960-1970"
"Quijano - Notas incompletas sobre el sitio de la fotografía peruana","Ensayo de Rodrigo Quijano sobre la historia y el lugar social de la fotografía peruana. Recorre su ubicuidad territorial desde los estudios decimonónicos hasta TAFOS, destacando a Chambi, Eguren y Domínguez, la fotogalería Secuencia, la fotoserigrafía disidente, y la relación entre imagen, prensa, memoria y violencia política. Aborda cómo la condición fotográfica sostiene reflexiones contemporáneas sobre archivo, testimonio, raza y derechos humanos.","Rodrigo Quijano; Martín Chambi; José María Eguren; Carlos «Chino» Domínguez; Fernando La Rosa; José Carlos Mariátegui","Escrito c.2011-2019; abarca del siglo XIX a 2011, énfasis 1920-2000"
"Villacorta (ed.) - ¿Un arte visual a contrapelo de los dictados metropolitanos? [conversación en el MALI, 2011]","Edición de una conversación a seis voces en el MALI (2011) sobre lo moderno y lo contemporáneo en el arte peruano. Discute si lo moderno es un «gesto tardío», compara Arte Nuevo con Huayco, la irrupción de lo popular, la institucionalidad ausente, el ingreso de la referencia fotográfica hacia los noventa y genealogías Pop/místico-libidinales desde los sesenta hasta el neobarroco.","Jorge Villacorta; Gustavo Buntinx; Miguel A. López; Rodrigo Quijano; Tatiana Cuevas; Natalia Majluf","Conversación de 2011; discute arte peruano de 1960 a c.2011"
"Mesa - Arte contemporáneo peruano. Portocarrero, Aramburu y Lerner (2022) [MALBA]","Transcripción de una mesa del MALBA en torno a la exposición de Ana Teresa Barboza. Sharon Lerner recorre veinte años de su obra textil (bordado, tejido, colaboración comunitaria, sostenibilidad); luego Portocarrero y Aramburu debaten, usando los «universos estéticos» de Mirko Lauer, los cruces entre arte precolombino, popular y contemporáneo, y la reciente agencia de artistas indígenas.","Sharon Lerner; Florencia Portocarrero; Yosu Aramburu; Ana Teresa Barboza; Mirko Lauer; Venuca Evanán","Transcripción de 2022; trata arte peruano del s. XX-XXI, foco 2000-2022"
"Mesa - Coleccionando desde la institución (2025) [Foro Pinta Lima]","Transcripción de una charla del Foro Pinta Lima 2025 sobre coleccionismo institucional. Pablo León de la Barra conversa con Sharon Lerner (MALI) y Manuel Segade (Reina Sofía). Lerner expone veinte años del Comité de Adquisiciones del MALI, sus cruces históricos-contemporáneos, la Amazonía y el arte indígena; Segade aborda la colección latinoamericana del Reina Sofía, su estructura colonial y reparaciones históricas.","Pablo León de la Barra; Sharon Lerner; Manuel Segade; Natalia Majluf; Sandra Gamarra; Olinda Silvano","Transcripción de 2025; trata coleccionismo institucional c.2006-2025"
"Ministerio de Cultura - Contemporáneos. Cinco mil años de visualidad peruana (2019) [ARCOmadrid]","Catálogo institucional del Perú como país invitado en ARCOmadrid 2019. Incluye textos curatoriales de Villacorta (contemporaneidad como continuidad de una matriz andino-amazónica milenaria) y Lerner (selección de galerías y artistas), fichas de artistas y el programa de conferencias. Enfatiza texto, tactilidad, textil, archivo y crítica poscolonial, superando categorías como arte popular o artesanía.","Jorge Villacorta; Sharon Lerner; Teresa Burga; Fernando Bryce; Sandra Gamarra; Milagros de la Torre","Publicado en 2019; presenta arte contemporáneo actual con marco de «cinco mil años»"
"Mitrovic - Extravíos de la forma (2019)","Libro académico (PUCP) de Mijail Mitrović que reexamina críticamente la historia del arte contemporáneo en Lima desde los sesenta. Con herramientas marxistas (Adorno, Jameson, Bürger), impugna el «relato convencional» épico, rastrea la desidealización del arte, la radicalización de la vanguardia bajo el velasquismo, la centralidad de lo popular, su colapso ante Sendero Luminoso, y la posterior hegemonía del mercado y la crítica institucional.","Mijail Mitrović; Gustavo Buntinx; Sharon Lerner; Mirko Lauer; Emilio Tarazona; E.P.S. Huayco; Taller NN","Publicado en marzo de 2019; abarca de los sesenta a 2019, eje 1968-1980s"
"Peralta - Lo que la Bienal de Lima se llevó. Balance a cinco años de su desactivación","Artículo-balance de Juan Peralta sobre la desactivación de la Bienal de Lima (Iberoamericana), creada por Luis Lama con la Municipalidad de Andrade. Contextualiza su surgimiento en el fujimorismo y el Plan Maestro del Centro Histórico, reseña obras polémicas (Tejada, García Zapatero, Allora & Calzadilla, Alÿs, Santisteban), la muestra alterna «Emergencia artística», y lamenta el vacío cultural tras su cancelación bajo Castañeda Lossio.","Juan Peralta; Luis Lama; Emilio Santisteban; Gustavo Buntinx; Jorge Villacorta; Francis Alÿs; Elena Tejada","Escrito c.2007; trata la Bienal de Lima 1997-2002"
"Ponencia - Villacorta, Jorge - Puntos cardinales (2019) [CEdA]","Transcripción de una conferencia en la Fundación CEdA (Chile). Villacorta parte de obras de Sandra Gamarra (Living Room, LiMAC) para reflexionar sobre la desconexión de la escena limeña, el artificio del Perú en ARCO 2019, la fragilidad del sistema del arte local, y contrasta los destinos póstumos e internacionales de Juan Javier Salazar y Herbert Rodríguez, abordando mercado, coleccionismo y racialización.","Jorge Villacorta; Sebastián Vidal; Sandra Gamarra; Juan Javier Salazar; Herbert Rodríguez; Rodrigo Quijano","Conferencia de 2019; discute arte peruano c.1979-2019, foco 2001-2019"
"Román, Elida - I Bienal Nacional de Lima. Algunos deslindes","Reseña crítica de la I Bienal Nacional de Lima, derivada de la I Bienal Iberoamericana (1997), organizada por la Municipalidad para recuperar el Centro Histórico. Román cuestiona el centralismo limeño, los salones regionales paternalistas, la retórica de «modernización» y globalización, el rol del Centro de Artes Visuales, y la falsa dicotomía entre arte «culto» y «popular». Reclama apertura multidisciplinaria frente a la moda internacional y el snobismo.","Elida Román; Luis Lama; Virginia Pérez Ratton; Mariella Agois; Luz María Bedoya","Publicado c.1998; trata la I Bienal Nacional/Iberoamericana de 1997"
"VVAA - El desencantamiento del arte. Conversación de egresados con Jorge Villacorta [Ansible]","Conversación entre egresados recientes de escuelas de arte limeñas (PUCP, Corriente Alterna, Bellas Artes, Centro de la Imagen) sobre profesionalización, mercado, coleccionismo cerrado, autogestión, falta de crítica y agremiación. Discuten ferias, vanity galleries, el coleccionismo Hochschild, Monumental Callao, la Bienal de Venecia 2017 y las mallas curriculares. Villacorta aporta memoria histórica sobre la extinta ASPAP y la ausencia de gremios.","Jorge Villacorta; Adriana Bickel; Alfredo Bernal; Kenji Quispe; Mariana Román; Rafael Nolte","Publicado c.2017-2018; trata la escena limeña reciente (2013-2017)"
"VVAA - Lima se anima. Debates en la escena artística peruana (2009) [ramona 89]","Dossier de la revista argentina ramona, coeditado con Juanacha, sobre la escena limeña. Incluye el debate «Perú, ¿país blindado?» sobre el supuesto «boom» del arte contemporáneo, internacionalización, mercado, coleccionistas y éxodo de artistas; textos sobre museos, memoria, Micromuseo, La Culpable y el espacio [e]star. Analiza la desinstitucionalización, la violencia interna y las peleas por el Museo de la Memoria.","Rodrigo Quijano; Eliana Otta; Alfredo Márquez; Fernando Bryce; Miguel López; Gustavo Buntinx; Jorge Villacorta","ramona nº 89, abril 2009; trata la década c.1997-2009"
"VVAA - Memorias del subdesarrollo. Arte y el giro descolonial en América Latina, 1960-1985 [catálogo MCASD]","Ensayo de Sharon Lerner para el catálogo del MCASD que inserta la vanguardia peruana (1967-1981) en la narrativa descolonial. Analiza el debate Traba-Acha sobre el Pop, el «pop achorado» de Ruiz Durand bajo Velasco, los festivales Contacta e Inkari, el Grupo Paréntesis, E.P.S. Huayco (Arte al paso, Sarita Colonia) y el Perfil de la mujer peruana de Teresa Burga.","Sharon Lerner; Juan Acha; Marta Traba; Jesús Ruiz Durand; Teresa Burga; Gustavo Buntinx","Catálogo c.2018; trata el arte latinoamericano/peruano de 1960-1985 (foco 1967-1981)"
"Vich - La violencia, la dictadura y la globalización. Arte y política en el Perú contemporáneo","Ensayo de crítica cultural que analiza cómo el arte peruano representa tres heridas históricas: violencia política, dictadura fujimontesinista y globalización neoliberal. Vich interpreta obras (banderas de Tokeshi, Lava la bandera, instalaciones de Iguíñiz-Venturo y Luz Letts, afiches de Piero Quijano, saco militar de Cordero, serigrafías de Higa, caricaturas de Carlín) como intervenciones críticas que disputan el poder simbólico y reconstruyen la ciudadanía.","Víctor Vich; Eduardo Tokeshi; Natalia Iguíñiz; Luz Letts; Piero Quijano; Jaime Higa; Carlín (Carlos Tovar)","Publicado c.2010; trata el Perú contemporáneo, décadas 1980-2000"
"Vidarte - Exhibiciones y adquisiciones para la construcción de narrativas en la historia del arte contemporáneo peruano","Ensayo de Giuliana Vidarte sobre la exposición «Miradas contemporáneas. Nuevas adquisiciones en la colección ICPNA (2015-2023)». Reflexiona sobre cómo el ICPNA y su Premio de Arte Contemporáneo construyen narrativas históricas mediante adquisiciones. Recorre los cinco ejes curatoriales (revalorando intimidades, discursos críticos, develando entornos, reinterpretar tradiciones, estéticas disímiles), analizando obras sobre cuerpo, colonialismo, medioambiente, tradiciones indígenas y género.","Giuliana Vidarte; Venuca Evanán; Nereida Apaza; Natalia Iguíñiz; Antonio Paucar; Santiago Yahuarcani","Publicado c.2023-2024; trata adquisiciones y arte de 2015-2023"
"Villacorta - La colección Hochschild","Ensayo de Jorge Villacorta sobre la colección de arte contemporáneo peruano de Eduardo y Mariana Hochschild, iniciada en 2009. Argumenta el rol clave del coleccionista, el contexto de aislamiento y ausencia de mercado durante la violencia y dictadura, y cómo la colección energizó la escena. Destaca la Bienal Iberoamericana (1997), el Festival VAE, y obras de Bryce, Burga, Eielson, Aprijaskis, Tsuchiya y otros.","Jorge Villacorta; Eduardo y Mariana Hochschild; Fernando Bryce; Teresa Burga; Jorge Eduardo Eielson; Tilsa Tsuchiya","Publicado c.2016; trata coleccionismo y arte de fines del s. XX-XXI"
"Villacorta - Un arte cuestionador. De Dadá a La Cantuta [Quehacer 102]","Artículo que traza una tradición alternativa y contestataria del arte peruano, vinculándola a Dadá, el futurismo y el constructivismo agit-prop. Recorre los grupos barranquinos de los 70 (Paréntesis, Huayco), la Movida Subterránea, la Carpa Teatro (1986), y el arte de denuncia frente a la violencia de Sendero Luminoso y la represión estatal, culminando en las obras sobre La Cantuta de Villanes y Wiesse.","Jorge Villacorta; Hugo Salazar del Alcázar; Herbert Rodríguez; Ricardo Wiesse; Eduardo Villanes; Jesús Ruiz Durand","Revista Quehacer nº 102, c.1996; trata el arte de 1960-1995 (foco 70-90)"
"Villacorta y Del Valle - Incertidumbre y certezas en el arte peruano reciente. Imaginarios de Lima 1980-2006 [Post-Ilusiones]","Ensayo panorámico sobre las instituciones y escenas del arte peruano moderno y contemporáneo. Recorre la Escuela de Bellas Artes, el indigenismo de Sabogal, el IAC, el modelo Winternitz (PUCP), el no-objetualismo de Acha y E.P.S. Huayco, el populismo del gobierno militar, la violencia, la Movida Subterránea, la fotografía, la dictadura fujimorista, las Bienales, el videoarte y la «choledad digital».","Augusto del Valle; Jorge Villacorta; José Sabogal; Juan Acha; Adolfo Winternitz; Jorge Eduardo Eielson","Publicado c.2006-2007; trata Lima/arte peruano 1980-2006 (antecedentes desde 1919)"
