"Carpeta","Archivo","Año referenciado","Periodo (creación/realización/archivo)","Personas e instituciones","Resumen académico"
"Extras","(s.f.) Isabell Lorey - Estado de inseguridad Gobernar la precariedad.pdf","n/d (texto teórico; diagnostica el neoliberalismo postfordista de fines del s. XX e inicios del s. XXI)","Libro de teoría/ensayo, 2016 (edición española de Traficantes de Sueños, col. Mapas 43; original alemán Die Regierung der Prekären, 2012)","Isabell Lorey; Judith Butler (prefacio); Raúl Sánchez Cedillo (traductor); Traficantes de Sueños; Michel Foucault; Giorgio Agamben; Paolo Virno; Hannah Arendt; Silvia Federici; Robert Castel; Pierre Bourdieu; Precarias a la Deriva / EuroMayDay","El libro sostiene que la precarización dejó de ser un fenómeno marginal o coyuntural para convertirse en el modo hegemónico de gobierno de las sociedades neoliberales occidentales. Su tesis central es que gobernar ya no consiste en prometer protección y seguridad a cambio de obediencia, como en el modelo hobbesiano, sino en administrar y calibrar un umbral de inseguridad social que mantiene gobernables a las poblaciones sin llegar a la rebelión: el arte de gobernar equilibra ese umbral. Lorey despliega una genealogia foucaultiana de la gubernamentalidad —del poder pastoral cristiano al autogobierno del ciudadano moderno— para mostrar como la subjetivacion neoliberal opera mediante la ambivalencia entre heterogobierno y autogobierno, entre servidumbre y posibilidad de fuga. Distingue analiticamente tres nociones: la condicion precaria (vulnerabilidad existencial compartida, en dialogo con Butler), la precariedad como distribucion desigual de esa condicion, y la precarizacion como instrumento gubernamental. Critica la soberania y la excepcion soberana (Agamben), la inmunizacion y el desmantelamiento del Estado social, y examina el trabajo virtuoso postfordista (Virno) —cognitivo, comunicativo y afectivo— que reclama a la persona entera y difumina la frontera entre trabajo y vida. Recupera la critica feminista del trabajo reproductivo y de cuidados (Federici) y la crisis de cuidados, asi como las luchas de los precarios. Frente a Bourdieu y Castel, que temian la imposibilidad de la resistencia colectiva, propone no una desprecarizacion que restaure los viejos sistemas de proteccion, sino un exodo inmanente: rechazar el autogobierno capitalizable y construir lo comun en la diferencia relacional. El prefacio de Judith Butler subraya el aporte del estudio."
"Extras","Arte_popular_y_la_Imposibilidad_de_Suje.pdf","Fines del s. XVIII – 2014 (con foco en la construcción de la categoría 'arte popular' entre las décadas de 1920 y 2010)","Capítulo/artículo académico en el libro Arte y antropología. Estudios, encuentros y nuevos horizontes (ca. 2015; referencia hechos y exposiciones hasta 2014)","Giuliana Borea; Gabriela Germaná; Joaquín López Antay; José Sabogal; Luis E. Valcárcel; Mildred Merino; Francisco Stastny; Pablo Macera; Juan Acha; Mirko Lauer; Gustavo Buntinx; Rember Yahuarcani; Museo de Arte de Lima (MALI); Universidad Nacional Mayor de San Marcos","Ensayo academico de la antropologa Giuliana Borea que analiza criticamente la vigencia de la categoria arte popular en el Peru y America Latina, argumentando que sostiene un orden epistemologico moderno y colonial que divide y jerarquiza sujetos, saberes y producciones. Su tesis central es que arte popular y arte son categorias coconstituidas: la primera legitima a la segunda dentro de un sistema dual —dividido en categorias, circuitos y sujetos de produccion— eticamente insostenible que deberia dejar de reproducirse. En dialogo con Bourdieu (campo de produccion cultural), Appadurai y Myers (regimenes de valor), Ranciere y Anibal Quijano (colonialidad del poder), Borea traza una genealogia historica: las reformas borbonicas y la nocion de decencia, la profesionalizacion elitista del arte en el siglo XIX, y sobre todo el descubrimiento indigenista (1920-1950) que creo el arte popular como objeto de consumo de elites. Identifica una division del trabajo cultural entre el Estado (gestor de lo arqueologico y lo popular) y las elites privadas (gestoras del arte), reforzada por museos, disciplinas (antropologia y folclor frente a historia del arte) y autores como Sabogal, Valcarcel, Merino y Stastny. Discute el Premio Nacional a Joaquin Lopez Antay (1975), la teoria social del arte (Acha, Lauer) y voces de artistas como Primitivo Evanan. Analiza giros recientes —el arte amazonico (Yahuarcani, Rubio), la memoria de la violencia y la resignificacion de lo cholo—, pero constata que el mercado, las ferias y las subastas del MALI perpetuan el sistema. Propone trabajar en horizontes epistemologicos no dicotomicos, policentricos y descentrados."
"Extras","DATOSTESIS.txt","Contemporaneidad, c. 2024-presente","Ficha de proyecto de investigación (tesis doctoral en desarrollo), 2024","Carlos Zevallos Trigoso","Ficha sintética del proyecto doctoral de Carlos Zevallos Trigoso titulado ""Crítica y Crisis. Subjetividades críticas y mandatos creativos en el Arte Contemporáneo como infraestructura visual en Lima"", en desarrollo desde 2024. El documento consigna el título, el objetivo general y tres objetivos específicos que articulan el marco conceptual de la investigación. La tesis central propone analizar las tácticas creativas de artistas visuales contemporáneos que viven y producen en Lima como modos ambivalentes de identificación, interpretación e intervención heurística frente a un contexto de crisis múltiples y superpuestas (ecológicas, económicas, securitarias, sanitarias). El objeto de estudio son los objetos y proyectos artísticos que emergen a través de las infraestructuras visuales del arte contemporáneo local, entendidas como dispositivos que indexan discursos y subjetividades críticas. El marco teórico moviliza nociones de ensamblaje, régimen semiótico y mandato crítico: la primera meta busca caracterizar dichas infraestructuras como ensamblajes donde el mandato crítico y las crisis estructuran un campo de posibilidades y restricciones para la práctica; la segunda analiza cómo los artistas navegan los regímenes semióticos del arte contemporáneo para materializar intervenciones heurístico-críticas que indexan la experiencia de la crisis de forma ambivalente; la tercera plantea coproducir dispositivos experimentales (""para-sitios"") para poner a prueba y teorizar colaborativamente esa ambivalencia, explorando los límites entre práctica crítica y su recuperación institucional. El aporte anticipado radica en tensionar la relación entre criticidad artística, precariedad y captura institucional en el circuito limeño, articulando etnografía, teoría crítica y experimentación colaborativa como método. Constituye el documento matriz que orienta conceptualmente todo el corpus reunido."
"Extras","El Pabellón ha caído - Buntinx.md","1980-1992 (violencia política; obra pictórica de 1992; masacre de El Frontón, 1986)","Artículo de crítica de arte en prensa, 14-06-1992","Gustavo Buntinx; Elio Martuccelli; Juan Javier Salazar; Herbert Rodríguez; Jaime Higa; grupo Huayco; los NN; los Bestias; José Tola; Piero Quijano; Anselmo Carrera; Roy Lichtenstein; Diario La República (suplemento Culturas)","Artículo de Gustavo Buntinx publicado en el suplemento ""Culturas"" del diario La República el 14 de junio de 1992, concebido como crónica reflexiva y no como mero juicio de valor. El texto lee la plástica peruana como escenario privilegiado para registrar la subjetividad de un ""pequeño-burgués-ilustrado"" durante los doce años de violencia (1980-1992), esa frágil ""República de Weimar"" peruana en su ocaso. El objeto de estudio central es la exposición ""Se vende"" de Elio Martuccelli, arquitecto de vocación teórica situado en los márgenes entre los grupos Bestias y NN y vinculado a la plástica alternativa que arranca de Huayco. Buntinx se concentra en un cuadríptico donde Martuccelli reproduce páginas de un cómic editado por la Marina de Guerra sobre Miguel Grau (centenario de 1979), cuyo último recuadro reza ""¡El pabellón ha caído!"". El marco conceptual articula apropiación, cita y ""copia de la copia"": Martuccelli mira a Lichtenstein a través del Pop achorado de Juan Javier Salazar (su lámina de presidentes, 1980), reivindicando la brocha gorda artesanal frente al refinamiento tecnológico del pop norteamericano como signo de una modernidad fallida y periférica. Mediante mínimas intervenciones -reencuadres, ocultamiento de la franja roja de la bandera, transformación de ""fuego"" en ""ego""- la obra hace hablar las contradicciones reprimidas de la comunicación masiva y evoca el aniquilamiento de los presos de El Frontón y el crimen de María Elena Moyano. El aporte es una crítica que politiza lo íntimo: el pabellón caído figura el quiebre entre la intelectualidad joven y los mitos republicanos, irreversiblemente cancelados por defensores e impugnadores por igual."
"Extras","Foster_Hal_Recodings_Art_Spectacle_and_Cultural_Politics_p89-108.pdf","1977-1984 (performances y obra de Robert Longo)","Capítulo de libro (ensayo de crítica de arte), 1985","Hal Foster; Robert Longo; Guy Debord; Jean Baudrillard; Fredric Jameson; Walter Benjamin; Hans-Jürgen Syberberg; Rainer W. Fassbinder; Sergei Eisenstein; Theodor Adorno; Ernst Bloch; Roland Barthes; Louise Lawler","Capítulo ""Contemporary Art and Spectacle"" del libro Recodings: Art, Spectacle, Cultural Politics de Hal Foster (1985). La tesis central sostiene que el arte contemporáneo ha interiorizado la lógica del espectáculo, desplazando la ""politización del arte"" anunciada por Benjamin hacia una ""estetización de la política"" de raíz fascista. Foster parte de la fascinación cultural por el fascismo, leída con Baudrillard como fetiche de un periodo previo a la ""pérdida de lo real"" propia del capitalismo tardío. El objeto de estudio es la obra de Robert Longo: las performances de Empire (""Sound Distance"", 1977; ""Surrender"", 1979; ""Empire"", 1981; ""Iron Voices"", 1982) y los relieves-tríptico de 1983-84 (Corporate Wars, Love Police, Noweverybody, dedicado a Fassbinder). El marco conceptual combina la sociedad del espectáculo de Debord, la reificación marxista, el fetichismo freudiano, la reproductibilidad técnica de Benjamin, la esquizofrenia posmoderna de Jameson y la simulación de Baudrillard. Foster analiza cómo Longo colisiona formas arcaicas y autoritarias (estatuas, relieves, monumentos) con imágenes mediáticas para exhibir la seducción del hiperreal y la inadecuación de nuestras representaciones históricas -Beirut convertido en imagen sin referente, la guerra producida de antemano como espectáculo mediático-. El argumento es deliberadamente ambivalente: Longo desreifica y remitifica a la vez, arriesgándose a ser consumido por el espectáculo que simula. Foster, apoyándose en Bloch y en una recuperación de lo utópico, defiende rescatar el impulso colectivo latente incluso en las imágenes ideológicas, aunque advierte que, sin base social real, ese deseo utópico puede degenerar en voluntad de poder o identificación con lo dominante."
"Extras","ICAA-1138109.pdf","Debate del nacionalismo e indigenismo en la pintura peruana, c. décadas de 1940-1950","Artículo de prensa (Suplemento Dominical de El Comercio, Lima), c. 1957 (s/f exacta); digitalizado por ICAA-MFAH","J. Nahuaca (seudónimo); José Sabogal; Francisco Laso; Fernando de Szyszlo; Ricardo Grau; Fernando de Villegas / Villegas; Juan Manuel Ugarte Eléspuru; Pancho Fierro; César Vallejo; Inca Garcilaso; El Comercio (Suplemento Dominical); International Center for the Arts of the Americas (ICAA-MFAH)","Artículo ""Conscripción peruana la pintura"", firmado con el seudónimo J. Nahuaca y publicado en el Suplemento Dominical de El Comercio de Lima (hacia finales de los años cincuenta, a juzgar por las referencias contextuales), conservado en el archivo digital ICAA del Museum of Fine Arts, Houston. La tesis sostiene que la pintura peruana sufre la presión de fuerzas nacionalistas que operan ""desde afuera"" como verdaderas conscripciones que le imponen un destino en nombre de la peruanidad, esterilizando sus energías estéticas endógenas. El autor distingue tres conscripciones: la político-social, que reduce la pintura a panfleto, confesión o acto de fe redentor y la torna inoperante; la iconográfica, la más antigua, que exige amor a lo nacional mediante la anécdota histórica y costumbrista (Merino, Montero, Castillo) y culmina en el indigenismo de Sabogal -cuya nacionalización amorosa de la iconografía ""termina siendo una montonera""-; y la espiritual, con dos modalidades: un humanismo telúrico o ""vallejismo"" pictórico (Laso, Ugarte Eléspuru) y una búsqueda del eslabón formal con el pasado prehispánico y colonial. El marco conceptual moviliza el determinismo de Taine, la estilización del arte preincaico (Chavín, Nazca, Paracas, Moche), la escuela cuzqueña y la continuidad estética que uniría Garcilaso con Vallejo. Nahuaca reivindica la autonomía ""insobornable"" de la pintura frente a las presiones nacionalizadoras, valorando en Dávila, Grau, Szyszlo y Villegas tanto el entronque con el pasado como su vigencia pictórica. El aporte es un alegato antiindigenista y formalista que reclama la sublimación estética por encima de la subordinación ideológica, en pleno debate sobre la identidad del arte peruano."
"Extras","ICAA-1272963.pdf","Debate sobre arte, doctrina y nacionalismo; revisión de las revoluciones cristiana, francesa, rusa y mexicana; c. décadas de 1940-1950","Artículo de prensa (Suplemento Dominical de El Comercio, Lima), c. 1957 (s/f exacta); digitalizado por ICAA-MFAH","J. Nahuaca (seudónimo); Moisés Laymito; Gladys Zender; César Vallejo; Wilhelm Worringer; Arnold Hauser; Nicolai Hartmann; Charles Lalo; Jacques-Louis David; Kazimir Malevich; Wassily Kandinsky; Marc Chagall; El Comercio (Suplemento Dominical); ICAA-MFAH","Segunda entrega del ensayo de J. Nahuaca, titulada ""Ideas doctrinarias y la pintura"", publicada en el Suplemento Dominical de El Comercio de Lima (fines de los cincuenta) y archivada en el ICAA-MFAH. Continúa la reflexión sobre las fuerzas que tensionan el arte peruano, distinguiendo entre energías subyacentes -lentas, sentimentales, nacionalizadoras, orientadas a la peruanidad- y fuerzas dinámicas que importan sistemas político-sociales para materializarlos de inmediato, sometiendo el arte a los valores sociales mediante una estética ""demagógica y a la vez conservadora"". El objeto central es la relación entre pintura e ideas doctrinarias, examinada a través de un recorrido histórico por cuatro revoluciones: la cristiana (que renuncia al arte pagano y desemboca en la iconoclasia), la francesa (que no crea estilo sino que adopta el clasicismo de David, oficializado por Napoleón), la rusa (que tras aliarse con la vanguardia -Malevich, Kandinsky, Chagall- recae en el realismo heroico reaccionario) y la mexicana (nacida sin doctrina, expresiva y muralista, que crea el mito de la revolución cumplida). El marco teórico cita a Worringer, Hauser, Nicolai Hartmann y Charles Lalo, y disuelve la antinomia forma-contenido cara a la estética marxista. Nahuaca argumenta que ninguna revolución ha mejorado ni creado un arte, que este pertenece a individuos y la colectividad solo lo usufructúa, y aboga por ""desclasificar"" la élite estética -verdadera valoradora- frente al monopolio de las clases dirigentes. Denuncia un ""terrorismo en pintura"" que exige conciencia social y concluye que el ímpetu nacionalizador peruano ha derivado en un mal menor: la peruanización de la iconografía como fin artístico. Incluye notas sobre el escultor Moisés Laymito y un retrato de Gladys Zender."
"Extras","ICPNA Catalogo Bellas Artes FINAL.pdf","1918-2018","Catálogo de exposición / libro institucional, noviembre de 2018","Escuela Nacional Superior Autónoma de Bellas Artes del Perú (ENSABAP); Instituto Cultural Peruano Norteamericano (ICPNA); Max Hernández Calvo; Augusto del Valle Cárdenas; Rocío Corcuera Ríos; Víctor Mejía Ticona; Miguel Sánchez Flores; Luis Carlos Valdez Espinoza; Roberto Hoyle; Municipalidad de Miraflores; E.P.S. Huayco; Grupo Paréntesis","El volumen documenta 'Un siglo de arte desde la Escuela Nacional', ciclo de cuatro exposiciones organizado en 2018 para el centenario (1918-2018) de la Escuela Nacional Superior Autónoma de Bellas Artes del Perú (ENSABAP), coeditado con el Instituto Cultural Peruano Norteamericano (ICPNA). Bajo la curaduría general de Max Hernández Calvo y Augusto del Valle Cárdenas, con Rocío Corcuera, Víctor Mejía y Miguel Sánchez, el proyecto busca construir memoria institucional y revisar cien años de producción y pedagogía bellasartina, articulándola con la sociedad contemporánea. Las muestras se distribuyeron en cuatro sedes (galerías ICPNA Juan Pardo Heeren y Germán Krüger Espantoso, y salas municipales de Miraflores). 'Bellas Artes: voz y huella de los egresados' (Corcuera) parte de cuarenta entrevistas a egresados de 1951 a 2017 —de Ella Krebs a Andrés Yaques— y una línea de tiempo que vincula formación, testimonio y obra estudiantil. 'Del individuo al ser social' (Sánchez) estudia los colectivos surgidos desde los años setenta (E.P.S. Huayco, Paréntesis, Signo x Signo, C.H.O.L.O., entre otros) como gesto político frente al modelo del artista individual. 'Espacio público' (Mejía) analiza el centro de Lima como insumo estético y campo de intervención. 'Una trayectoria de imágenes' (Hernández Calvo y Del Valle) emplea los géneros académicos —bodegón, paisaje, retrato— para pensar el tránsito del arte moderno al contemporáneo. La tesis transversal cuestiona la narrativa figurativo/abstracto de la modernidad e introduce la pregunta por el ícono, uniendo lo global con las tradiciones locales y artesanales, para otorgar 'carta de ciudadanía' a prácticas invisibilizadas desde una escuela pública."
"Extras","Por Qué no vivo en el Perú.md","ca. 1972 en adelante (emigración de Juan Acha a México y comparación Perú/México de los años setenta)","Encuesta/testimonio en revista literaria (Hueso Húmero), ca. 1980; transcripción en Markdown, s/f","Juan Acha; revista Hueso Húmero; museos, institutos y universidades de México","Transcripción de la respuesta de Juan Acha a la encuesta 'Por qué no vivo en el Perú', iniciada por la revista Hueso Húmero para indagar las razones del éxodo de creadores e intelectuales peruanos. Acha —crítico y teórico del arte dedicado a los problemas latinoamericanos, radicado en México— distingue razones 'de afuera' y 'de adentro', otorgando mayor peso a las primeras: sólo abandona su país quien encuentra en otro las condiciones para desarrollar con dignidad su trabajo profesional, mientras que las circunstancias personales o los factores nacionales negativos serían secundarios en su caso. Enumera lo que México le ofreció y el Perú le negaba: amplias posibilidades de publicar en diarios y revistas, de colaborar en museos e institutos y de investigar y enseñar en universidades, todo ello remunerado con dignidad; libertad de expresión intelectual e intensa circulación de ideas marxistas en libros, revistas y simposios; prestigio nacional de las artes visuales con apoyo estatal, política museográfica y de simposios activa, y facilidades para viajar y contactar con el arte de otras latitudes. Valora, además, el mejor enfoque de los problemas artísticos y culturales latinoamericanos posible desde México, cuya escala demográfica y potente industria editorial concentran las investigaciones de toda la región y anticipan fenómenos que luego se difunden. El testimonio —que el archivo conserva incompleto, interrumpido al mencionar una 'identificación cultural más conflictiva y acorde a la realidad concreta'— condensa la autojustificación del exilio intelectual como decisión productiva antes que como queja, y funciona como documento sobre las carencias institucionales del campo artístico peruano frente a las condiciones del México de esos años."
"Extras","QUEHACER 19_watermark_p120-128.pdf","1940-1982 (arte peruano del siglo XX: indigenismo, velasquismo y transición belaundista)","Entrevista en revista (Quehacer n.º 19, DESCO), ca. 1982","Mirko Lauer; Sebastián Gris; Juan Acha; DESCO; Alfonso Castrillón; José Sabogal; Josué Sánchez; Ramiro Llona; José Carlos Ramos; Joaquín López Antay; Fernando de Szyszlo; Juan Manuel Ugarte Eléspuru; Bienal de Medellín","Entrevista de Sebastián Gris a Mirko Lauer publicada en la revista Quehacer (n.º 19, DESCO) bajo el título 'Está naciendo algo…'. El diálogo presenta el giro teórico de Lauer —poeta y crítico literario— hacia una teoría social de la cultura y del objeto plástico, formulada en su libro 'Crítica de la artesanía' y anticipada, junto al ausente Juan Acha, en el Coloquio de Arte No-objetual de Medellín. Lauer relee su 'Introducción a la pintura peruana del siglo XX': sostiene que hacia 1960 culmina, con la 'Teoría de las Raíces Nacionales', el ciclo abierto por el indigenismo de Sabogal, mientras los años setenta traen la revaloración del arte popular y su confluencia con una tradición artesanal. Critica el neo-indigenismo como coartada del populismo velasquista y de la Reforma Agraria: un país que, sin atreverse a enfrentar lo popular real, se inventa un seudo-país mistificado (el 'colmenazo', el arte turístico de José Carlos Ramos). Diagnostica, tras la restauración belaundista (posterior a 1977), una 'pérdida de direccionalidad' y un caos del mercado que ahora impone valor. Discute los límites de la propuesta conceptual y no-objetual, el Premio Nacional López Antay y la labor de Alfonso Castrillón, y reivindica la crítica de arte como oficio concreto —ni estética idealista ni 'estética marxista'—. Finalmente aborda la marginalidad y el desprecio hacia el intelectual peruano. Aparecen Josué Sánchez, Ramiro Llona, Szyszlo, Ugarte Eléspuru y la Bienal de Medellín. Su aporte es proponer el estudio del objeto plástico desde su existencia social y desde una perspectiva popular."
"Extras","Screen Shot 2026-07-16 at 08.22.07.png","1980-1981 (obra 'Arte al Paso' y culto vigente a Sarita Colonia); Sarita Colonia 1914-1940","Captura de pantalla, 16-07-2026 (de artículo de la revista MARKA, Lima, 14-05-1981, p. 34; archivo UNMSM-CEDOC)","Sarita Colonia; Taller de Estética de Proyección Social 'Huayco' (E.P.S. Huayco); Francisco Mariotti; María Luy; Gerbert Rodríguez; Mariella Zevallos; Armando Williams; Charo Noriega; revista MARKA; UNMSM-CEDOC","Captura de una página de la revista MARKA (Lima, 14 de mayo de 1981, p. 34; sello de archivo UNMSM-CEDOC) con el artículo 'La imagen y la fuerza milagrosa', dedicado al culto a Sarita Colonia y a su tratamiento en el arte. El texto interpreta la devoción popular a Sarita como caso patente de realización simbólica donde el elemento religioso se ensambla con el gusto estético popular, uniendo pensamiento mágico y realidad social inmediata; el símbolo religioso operaría como continente de mitos que resuelven imaginariamente las contradicciones de la vida. Recuerda que Sarita nació en Huaraz en 1914 y murió en el Callao en 1940, donde surgió su culto —hoy extendido entre los más desvalidos: el mundo del hampa, la prostitución, estibadores y choferes—, con un mausoleo-santuario rodeado de exvotos y comerciantes ambulantes. La sección 'Sarita en el arte' presenta y reproduce la obra 'Arte al Paso', un enorme rostro de Sarita compuesto con cerca de 12,000 latas de leche, realizado por un conjunto de artistas jóvenes reunidos en el Taller de Estética de Proyección Social 'Huayco' (E.P.S. Huayco): Francisco Mariotti, María Luy, Gerbert Rodríguez, Mariella Zevallos, Armando Williams y Charo Noriega. Instalada desde enero de ese año a la vera del sur, la obra recoge en clave colectiva la significación sociocultural de Sarita para ofrecer a viajeros y peregrinos una exposición permanente de esa imagen, integrando la escala monumental, la soledad del paisaje y una identificación plástica con el misterio cotidiano. Es documento clave sobre el vínculo entre religiosidad popular, migración andina y vanguardia peruana de inicios de los ochenta."
"Extras","Screen Shot 2026-07-16 at 08.37.09.png","1965-1984","Captura de pantalla, 16-07-2026 (de un cuadro/gráfico basado en el informe de Alfonso Castrillón, 'Reflexiones sobre el arte conceptual en el Perú y sus proyecciones', Hueso Húmero n.º 7; sello UNMSM)","Alfonso Castrillón; Juan Acha; Teresa Burga; Emilio Hernández; Rafael Hastings; Francisco Mariotti; Luis Arias Vera; Jorge Eielson; Wiley Ludeña; Herbert Rodríguez; E.P.S. Huayco; Grupo Paréntesis; UNMSM","Captura de pantalla de un cuadro cronológico ('Gráfico 1') que sistematiza el desarrollo del arte conceptual y no-objetual en el Perú entre 1965 y 1984, elaborado 'en base al informe de Alfonso Castrillón: Reflexiones sobre el arte conceptual en el Perú y sus proyecciones' (Hueso Húmero 7). El cuadro organiza la información en cuatro columnas —Fecha, Tendencia, Operador (artistas y grupos) y Lugar— trazando la sucesión de tendencias: pop y op (1965, Galería Lima, IAC), concepto y ambientes (1969-1970, con Juan Acha, 'Cultura y Libertad'), acciones y eventos (1972-1975: Teresa Burga, Rafael Hastings, Francisco Mariotti, CONTACTA, Premio López Antay, Festival Inkarri), y las prácticas de no-objeto y performance de fines de los setenta y de los ochenta. Registra los colectivos 'Signo x signo' (Patricia López, Armando Williams, Rossana Agois, Wiley Ludeña, Hugo Salazar), el Grupo USM de Alfonso Castrillón, 'Paréntesis' (Charo Noriega, Armando Williams, María Luy, Francisco Mariotti, Fernando Bedoya, Juan J. Salazar, Mariela Zevallos) y 'Huayco EPS' (Herbert Rodríguez, Lucy Angulo, José Morales), junto a nombres como Luis Arias Vera, Emilio Hernández, Jorge Eielson, Hernán Pazos, Esther Vainstein, Cecilia Paredes y Sergio Zevallos. Consigna hitos y sedes: encuestas, la Bienal no-objetual de Medellín, la Bienal de São Paulo (1983), la acción 'Cuidado pintores…', y espacios como el Instituto Italiano, la Universidad de San Marcos y galerías limeñas. Funciona como mapa genealógico de la vanguardia experimental peruana y de sus operadores institucionales, útil para periodizar el paso del conceptualismo a la performance y al arte no-objetual."
"Extras","Screen Shot 2026-07-16 at 13.03.35.png","1970-1981","Captura de pantalla (16-07-2026) de artículo de revista, 1981","Juan Acha; Hueso Húmero (revista); UNMSM; José Carlos Mariátegui (contexto marxista); El Sexto (prisión); México D.F.","La captura reproduce la primera página del texto autobiográfico y ensayístico de Juan Acha titulado 'Por qué no vivo en el Perú', encabezado por una nota editorial de la revista Hueso Húmero que enmarca el escrito dentro de una indagación colectiva sobre los creadores e intelectuales peruanos que optaron por emigrar, problema que la publicación se propone tratar con seriedad y continuar en números sucesivos. Acha, crítico y teórico del arte dedicado a los problemas latinoamericanos, ordena sus razones para no residir en el Perú en dos clases jerarquizadas: las 'de afuera', que considera principales, y las 'de adentro', secundarias. Bajo las primeras enumera lo que encontró en México y le faltaba en su país: amplias posibilidades de publicar en diarios y revistas, colaborar en museos e institutos, investigar y enseñar en universidades como crítico de arte, todo ello remunerado con dignidad; libertad de expresión e intensa circulación de ideas marxistas en libros, revistas y simposios; y un prestigio nacional de las artes visuales sostenido por el Estado, con una activa política museográfica y de simposios además de facilidades para viajar y entrar en contacto con el arte de otras latitudes. El fragmento evidencia la tesis central del autor: la emigración no responde a un rechazo personal sino a la asimetría estructural entre el medio cultural peruano, precario y cerrado, y el mexicano, mejor equipado y más poroso al quehacer cultural latinoamericano. El documento funciona como fuente primaria sobre las condiciones institucionales del campo artístico peruano y sobre la trayectoria del propio Acha como figura clave de la teoría del arte no objetual en América Latina."
"Extras","Screen Shot 2026-07-16 at 13.03.44.png","1970-1981","Captura de pantalla (16-07-2026) de artículo de revista, 1981","Juan Acha; Hueso Húmero (revista); El Sexto (prisión de Lima); México D.F.; UNMSM","La captura corresponde a la página 109 (sección 'Encuesta') y continúa el texto de Juan Acha 'Por qué no vivo en el Perú', cerrando la argumentación iniciada en la página anterior. Bajo las razones 'de afuera' Acha añade dos motivos vinculados a su vocación latinoamericanista: México ofrece un mejor enfoque de los problemas artísticos y culturales de 'nuestra América' porque, por su tamaño demográfico e importancia y por su industria editora, allí confluyen antes que en otros países los fenómenos y las investigaciones del resto de Latinoamérica; y propicia una identificación cultural más conflictiva y acorde a la realidad concreta, con un aprecio por la cultura popular en la que halla semejanzas con el Perú. Luego expone tres razones 'secundarias', personales, que lo empujaron a salir: haber vivido y formado universitariamente fuera del país trabajando como químico en varios países latinoamericanos, lo que facilitó su salida y le dio mejor visión de virtudes y defectos nacionales; el clima represivo y discriminante de la capital, producto del 'aristocratismo limeño' y su racismo disimulado, del nepotismo de las clases dominantes y la represión de lo popular; y, sobre todo, haber sido fichado en 1970 como supuesto inculpado de tráfico de drogas al asistir a una fiesta de artistas jóvenes, sufriendo diez días de vejaciones en la prisión El Sexto por negligencia judicial antes de ser declarado inocente. El texto, firmado en México D.F. en febrero de 1981, articula crítica estructural del campo cultural peruano con testimonio personal de exclusión y violencia institucional."
"Extras","Villegas_Fernando_La_relacion_entre_arte.pdf","1920-1976 (con proyecciones hasta 2013)","Artículo académico, 2013 (Revista de Historiografía, N.º 19)","Fernando Villegas; José Sabogal; Joaquín López Antay; José Carlos Mariátegui; Fernando de Szyszlo; Carlos Quízpez Asín; Instituto de Arte Peruano; Amauta; ASPAP; Juan Velasco Alvarado; Universidad Complutense de Madrid; Néstor García Canclini","Artículo de Fernando Villegas (Universidad Complutense de Madrid), publicado en la Revista de Historiografía N.º 19 (2013, pp. 75-87), que rastrea la evolución de los enfoques ideológicos sobre el arte popular peruano vinculando arte y política en dos momentos clave. El primero es el proyecto mestizo de José Sabogal en los años veinte: tras su viaje a México (1923) y en sintonía con la búsqueda de peruanidad de Mariátegui y la revista Amauta, Sabogal revaloriza mates burilados, queros y retablos como productos mestizos, fusión de lo indígena precolombino y lo virreinal hispano. Desde el Instituto de Arte Peruano (1931) su grupo estudia la cerámica precolombina, el color y las artes populares, legitimando estos objetos por su origen indígena pero desplazando al artista popular como creador (los pintores urbanos se autoproclaman sus 'descubridores'). El segundo momento es la polémica de 1975-1976, cuando el gobierno militar de Velasco otorgó el Premio Nacional de Cultura al retablista ayacuchano Joaquín López Antay; la ASPAP y artistas académicos lo descalificaron como 'artesano', reproduciendo la jerarquía social y racial limeña. Villegas argumenta que ambos episodios responden a gobiernos autoritarios que legitimaron el arte popular para oponerse a la oligarquía limeña, y que el criterio de validación siempre fue estético-cronológico, ignorando el proceso histórico. El marco conceptual moviliza a Mariátegui, a Clifford (apropiación de objetos de otras culturas) y a García Canclini (descontextualización). Su aporte es evidenciar la ausencia del artista popular como sujeto de su propia obra y la carga étnica y de clase que desnaturaliza el proceso creativo andino en el circuito artístico peruano."
"Extras","aparato-performativo.md","n/d","Capítulo/anexo metodológico de tesis, s/f","Richard Schechner; J. L. Austin; Judith Butler; Victor Turner; Diana Taylor; Pierre Bourdieu; Reinhart Koselleck; Gay McAuley; New York University (Performance Studies)","Capítulo o anexo metodológico de una tesis que construye un 'aparato performativo' para analizar el campo del arte crítico limeño, subordinado al par conceptual 'régimen semiótico' / 'infraestructura visual' y aplicado a un corpus de textos curatoriales, críticos, entrevistas y conversatorios. El autor extrae operadores de Richard Schechner ('Performance Studies: An Introduction', 3.ª ed., 2013), advirtiendo una restricción de fuente: como Schechner no cita y confina otras voces a recuadros, solo es fuente legítima de sus propios conceptos, no de Austin, Butler, Turner o Taylor, a quienes se acude en originales. Reelabora varios operadores: la regla constitutiva ('nada es inherentemente performance; lo decide la convención') convierte la performatividad en operación abductiva del analista y en objeto etnográfico; la 'conducta restaurada' (restored behavior) y la opacidad del origen se homologan a su noción de infraestructura visual; el 'redoblamiento' schechneriano se rescata como unidad de medida gradual entre texto que ejecuta el género y texto que exhibe su operación ('showing doing'). Sostiene que en el circuito limeño el cuarto nivel —el metadiscurso, el conversatorio— funciona como género performativo con guion y público: el mandato crítico no exige criticar sino 'ser visto criticando', corolario que alcanza a la propia tesis. Invierte además el modelo procesual para tratar la secuela/aftermath (archivo, respuestas críticas) como proto-performance con ensayo propio. Como contrapesos incorpora la fuerza ilocucionaria de Austin, la iterabilidad de Butler y, decisivamente, la autorización institucional del portavoz de Bourdieu, y critica el telos reparador de la crisis en Turner frente a Koselleck. El protocolo registra estatuto, tiras de conducta, grado de redoblamiento y fase, y se falsa si el redoblamiento resulta constante en todo el corpus."
"Extras","canepa_kg_2006_p132-167.pdf","1970-2006 (con referencias históricas desde el siglo XIX)","Capítulo de libro, 2006","Giuliana Borea Labarthe; Gisela Cánepa Koch (ed.); Sandra Gamarra (LiMAC); Instituto de Arte Contemporáneo (IAC); Fernando de Szyszlo; Gerardo Chávez; Mario Vargas Llosa; Ramiro Llona; Instituto Nacional de Cultura; ICOM; Museo de la Nación; Museo Nacional de la Cultura Peruana; Alfonso Castrillón","Capítulo de Giuliana Borea Labarthe ('Museos y esfera pública: espacio, discursos y prácticas. Reflexiones en torno a la ciudad de Lima') incluido en el volumen editado por Gisela Cánepa Koch, 'Mirando la esfera pública desde la cultura en el Perú' (2006). Partiendo de las nociones de esfera pública (Habermas), cultura pública (Appadurai) y de la nueva museología surgida de las crisis de los años 70-80 (Mesa de Santiago 1972, redefinición del ICOM 1974, ecomuseos), Borea concibe el museo como contenedor y contenido, plataforma y discurso, esfera de poder y arena de disputa por la representación. Analiza tres casos limeños. Primero, el posicionamiento urbano de los museos: mediante una encuesta a transeúntes y taxistas muestra que solo el Museo de la Nación y el Museo de Arte de Lima son hitos reconocidos, mientras la mayoría oscila entre lugar simbólico y lugar anónimo por la falta de señalización y de alianzas municipales. Segundo, la polémica de 2006 por el proyecto del Museo de Arte Contemporáneo (MAC) del IAC, detonada por el intento de nombrarlo 'Fernando de Szyszlo': reconstruye siete momentos del debate mediático (comunicados de artistas, la columna 'Escaramuzas en Liliput' de Vargas Llosa), la falta de plan museológico y de diálogo con artistas donantes y con Barranco, y destaca la contrapropuesta crítica LiMAC de Sandra Gamarra frente al silencio del INC. Tercero, compara las puestas en escena sobre peruanidad y diversidad de cinco museos (Cultura Peruana, de la Nación, Etnográfico, Inmigración Japonesa, MNAAHP), evidenciando discursos lejanos, fragmentados y ahistóricos en los grandes museos nacionales frente a autorrepresentaciones más políticas en los pequeños. Cierra con Castrillón: Lima como escenario de emplazamiento, no de reflexión."
"Extras","canepa_kg_2006_p14-34.pdf","n/d (marco teórico); con referencias al Perú y América Latina de la década de 2000 (Fujimori 2000, Toledo, Alan García)","Capítulo de libro académico, 2006","Gisela Cánepa Koch; Jürgen Habermas; Nancy Fraser; Arjun Appadurai; Carol Breckenridge; George Yúdice; Michel Foucault; Pierre Bourdieu; Terence Turner; Jon McKenzie; Harold Mah; Renato Rosaldo","La antropóloga Gisela Cánepa Koch reflexiona sobre la relación entre cultura y política proponiendo desplazar el análisis del campo político institucional hacia la comprensión del sujeto público. Su tesis central sostiene que, en un contexto de despolitización, retraimiento del Estado y crisis de representatividad partidaria, la cultura ha dejado de ser un mero medio de expresión de la diferencia para convertirse en un recurso de acción (Yúdice) y en un mecanismo fundamental de gobierno. El objeto de estudio es la esfera pública, que la autora somete a una crítica del modelo habermasiano: siguiendo a Nancy Fraser, Geoff Eley y Harold Mah, muestra que la esfera pública burguesa fue excluyente no solo por el acceso desigual, sino por codificar en sus estilos retóricos —la argumentación racional, viril y 'distinguida' en el sentido de Bourdieu— la hegemonía de una clase que hace pasar su interés particular por universal. Frente a ese modelo representacional, Cánepa adopta la noción de cultura pública de Appadurai y Breckenridge, que borra la frontera entre lo privado y lo público y admite lenguajes corporales, visuales y escénicos. Su marco conceptual articula la performatividad (McKenzie, Schechner: el imperativo del 'mostrar hacer'), el sujeto que ejerce poder (Foucault) y la ciudadanía cultural (Rosaldo). Analiza casos peruanos y latinoamericanos: la espectacularización presidencial (Fujimori, Toledo, Alan García), los asháninka, los zapatistas y la 'cultura del parque' limeña como espacio donde la opinión deviene acción. Aporta una reconceptualización del sujeto público como agente situado y performativo, cuya politización cotidiana ampliaría la democratización más allá de la mera representación."
"Extras","comaroff-mandato-critico.md","n/d (texto teórico-metodológico); dialoga con la edición de 1992 de los Comaroff y remite al campo artístico limeño contemporáneo","Capítulo teórico-metodológico de tesis, s/f (archivado 16-07-2026)","John Comaroff; Jean Comaroff; Westview Press; Raphael Samuel; Jacques Derrida; Carlo Ginzburg; Routledge/Taylor & Francis","Capítulo teórico-metodológico que fundamenta una antropología histórica del 'mandato crítico' en el campo artístico limeño a partir de la obra de John y Jean Comaroff, en especial el capítulo inaugural de Ethnography and the Historical Imagination (1992). El autor asume la premisa comaroffiana de que historia y antropología son inseparables —'una teoría de la sociedad que no es también una teoría de la historia apenas es una teoría'— y la traslada a un campo artístico que se piensa contemporáneo y, por ello, sin historia propia. El argumento central es epistemológico: rechaza atribuir a las voces del margen un acceso privilegiado a lo real y desmonta la pretensión de una historiografía universal emancipatoria, señalando que esa arrogación no es un vicio a evitar sino la operación misma del objeto estudiado; el mandato crítico prescribe ejercer esa criticidad, de modo que historizarlo exige no ejercerlo. Metodológicamente adopta el objetivo antiempiricista y antiesencialista de mostrar 'cómo las realidades se vuelven reales', reformulado como la reconstrucción del proceso por el cual la criticidad se volvió una propiedad reconocible, exigible y acreditable de ciertas obras. Asume la regla de prueba de que las ausencias e incoherencias deben demostrarse, no presumirse; el mandato de que la etnografía histórica construya su propio archivo (catálogo, reseña, entrevista, retrospectiva, bases de concurso, fotografías) y la 'poética de la historia', antecedente de su noción de infraestructura visual. Retiene de la díada hegemonía/ideología solo la cláusula del desfase insoportable entre mundo representado y experimentado como mecanismo de emergencia, y cierra con un criterio de falsación derivado de la querella Derrida-Ginzburg."
"Extras","poscrisis.md","2001-2009 (arte argentino de la poscrisis)","Libro (OCR de la edición impresa), 2009","Andrea Giunta; León Ferrari; Roberto Jacoby; Graciela Sacco; Marcelo Pombo; Jorge Macchi; Liliana Maresca; Santiago Sierra; Taller Popular de Serigrafía; Nicolás Bourriaud; MALBA; Museo Nacional de Bellas Artes / Centro Cultural Recoleta; Siglo Veintiuno Editores","Reunión de ensayos de la historiadora del arte Andrea Giunta que analiza el arte argentino producido tras el colapso económico, político y social de diciembre de 2001. La tesis central sostiene que la crisis, lejos de paralizar, resultó fértil: activó una intensa colectivización de la práctica artística y una creatividad social que buscó salidas imaginarias frente a la corrupción y la incertidumbre. El objeto de estudio es la escena cultural porteña (y rosarina) entre 2001 y 2009, leída en cuatro escenarios: la ciudad de Buenos Aires como escenario del arte, el nuevo mapa museográfico (inauguración del MALBA, del MACRO, la federalización del patrimonio del MNBA), el 'caso Ferrari' como experiencia de ciudadanía y libertad de expresión, y las preguntas sobre la forma y la sensibilidad del presente. El marco conceptual combina biopolítica, gentrificación y posfordismo, la estética relacional y la posproducción de Bourriaud, y el debate reactivado sobre arte y política, vanguardia y autonomía. Giunta articula las prácticas de protesta popular (cortes de ruta, piquetes, cacerolazos, escraches, asambleas) con la organización colectiva de los artistas, sin homologarlas, y documenta la internacionalización de la crisis en el arte (La Traslación de una cacerolada, de Santiago Sierra). El libro incluye escritos de coyuntura sobre exposiciones y un glosario de términos emergentes (corralito, gentrificación, posproducción). Aparecen León Ferrari, Roberto Jacoby, Graciela Sacco, Marcelo Pombo, Jorge Macchi, Liliana Maresca y el Taller Popular de Serigrafía. Su aporte es una lectura de época, testimonial y confiada, que piensa el arte como agente activo en la reconstitución de la trama social argentina de la poscrisis."
"Extras","sura.md","mediados de la década de 1960 a 2013 (arte contemporáneo peruano)","Catálogo de colección museística, 2013","Sharon Lerner (ed.); Museo de Arte de Lima (MALI); Grupo SURA; Mirko Lauer; E.P.S. Huayco; Charo Noriega; Ramiro Llona; Flavia Gandolfo; Armando Andrade Tudela; Ricardo Wiesse; Eduardo Villanes; Miguel A. López; Rodrigo Quijano","Catálogo de la colección de arte contemporáneo del Museo de Arte de Lima (MALI), editado por la curadora Sharon Lerner y publicado con el patrocinio del grupo SURA. El volumen traza los derroteros del arte peruano reciente a partir del acervo del museo, sin pretender definir un 'arte peruano' esencial. La colección se articula bajo dos principios: identificar momentos de ruptura en la producción artística de fines del siglo XX y perfilar la producción reciente mediante ejes temáticos comunes. El ensayo central de Lerner establece como punto de partida mediados de la década de 1960 (grupos de vanguardia ligados al Pop y al no-objetualismo) y sitúa el verdadero cambio de paradigma a fines de los setenta, tras las reformas del Gobierno Militar, cuando —según la célebre frase de Mirko Lauer para la muestra Arte al paso del colectivo E.P.S. Huayco (1980)— 'en el Perú hoy solo lo popular es moderno'. Analiza la irrupción de la migración interna, el conflicto armado interno, el autogolpe de Fujimori (1992) y la virtual desaparición de la esfera pública, así como la Bienal Iberoamericana de Lima (1997) como puesta al día forzada y descontextualizada. El catálogo se organiza en núcleos temáticos: modernidad popular y transformación de Lima, f(r)icciones cosmopolitas, reconsideración del pasado y configuración del Perú, sistema artístico y utopías museales, desplazamientos, y signos de violencia, resistencia y memoria. Incluye obras de Charo Noriega, Ramiro Llona, Flavia Gandolfo, Armando Andrade Tudela, Herman Schwarz, Ricardo Wiesse y Eduardo Villanes, entre otros, y textos críticos complementarios. Su aporte es consolidar un relato historiográfico y crítico del arte contemporáneo peruano desde una institución museal."
"Extras/Arte al Paso 2011","Arte al Paso - Texto Investigación.md","Fines de los años 1960 – 2010 (con foco en las décadas de 1970-2000 y el conflicto armado interno 1980-2000)","Ensayo curatorial de catálogo (exposición Arte al paso, Pinacoteca do Estado de São Paulo, 2011); archivo digitalizado por OCR el 16-07-2026","Tatiana Cuevas; Rodrigo Quijano; Museo de Arte de Lima (MALI); Pinacoteca de São Paulo; Emilio Hernández Saavedra; E.P.S. Huayco; Jesús Ruiz Durand; Sandra Gamarra; Alfredo Márquez / Taller NN; Fernando Bryce; José Carlos Martinat; Susana Torres","Ensayo curatorial extenso y bilingüe (castellano/portugués) de Tatiana Cuevas y Rodrigo Quijano para la muestra Arte al paso, que exhibió la coleccion contemporanea del MALI en la Estacion Pinacoteca de Sao Paulo. El texto toma como punto de partida la imagen El Museo de Arte borrado (1970) de Emilio Hernandez Saavedra para diagnosticar los vacios institucionales y la distancia entre el discurso cultural cosmopolita y la practica real en el Peru de la segunda mitad del siglo XX. Su argumento articula el arte contemporaneo peruano con las transformaciones sociales derivadas de la masiva migracion rural a Lima, la explosion de la economia informal y la emergencia de una nueva cultura popular urbana. Rastrea las primeras vinculaciones locales con vanguardias internacionales (op, pop, conceptualismo, no-objetualismo), el pop achorado de Jesus Ruiz Durand y sus afiches de la Reforma Agraria velasquista, y las experiencias colectivas Contacta 79 y Arte al paso de E.P.S. Huayco (1980), que propusieron un arte callejero y antiinstitucional. Analiza la critica a la institucionalidad faltante (el museo ficticio LiMAC de Sandra Gamarra), el uso ironico del pasado prehispanico (Susana Torres, Rodriguez Larrain, Bryce, Cordova, Martinat), el tema del paisaje y el territorio, y la irrupcion tardia de la fotografia y la serigrafia como medios. Dedica una seccion central a la memoria de la violencia del conflicto armado interno (1980-2000) —Sendero Luminoso, MRTA, la Comision de la Verdad, 69.280 muertos— y su tratamiento por el Taller NN, Alfredo Marquez (Katatay), Carlos Dominguez, Ricardo Wiesse, Eduardo Villanes, Fernando Bryce y Milagros de la Torre."
"Extras/Arte al Paso 2011","Cronología Político Artistica - Arte al Paso 2011.md","1962 – 2010","Cronología y bibliografía de catálogo (exposición Arte al paso, 2011); archivo digitalizado por OCR el 16-07-2026","Museo de Arte de Lima (MALI); Grupo Arte Nuevo; Grupo Señal; E.P.S. Huayco; Taller NN; Colectivo Sociedad Civil; Gustavo Buntinx; Joaquín López Antay; Comisión de la Verdad y Reconciliación; Sendero Luminoso; Alberto Fujimori; Juan Velasco Alvarado","Cronologia politico-artistica bilingue (castellano/portugues) incluida en el catalogo Arte al paso, que entrelaza en paralelo tres series de acontecimientos —eventos politicos, eventos artisticos y adquisiciones de la coleccion de arte contemporaneo del MALI— entre 1962 y 2010. El documento funciona como aparato historiografico que contextualiza la escena artistica peruana dentro de sus convulsiones politicas: rebeliones campesinas y golpes militares de los anos sesenta, el Gobierno Revolucionario de las Fuerzas Armadas de Velasco Alvarado (1968) y la Reforma Agraria, el estallido del conflicto armado interno con Sendero Luminoso y el MRTA (1980), las masacres de Barrios Altos y La Cantuta, el autogolpe y la dictadura de Alberto Fujimori (1990-2000), la Marcha de los Cuatro Suyos y el Informe de la Comision de la Verdad y Reconciliacion (2003). En el plano artistico registra la formacion de los grupos Senal y Arte Nuevo, las Bienales de Lima e Iberoamericanas, los festivales Contacta e Inkarri, el Taller E.P.S. Huayco y el Taller NN, la premiacion de Joaquin Lopez Antay, y acciones de arte critico como Cantuta de Ricardo Wiesse, Gloria evaporada de Eduardo Villanes y Lava la bandera del Colectivo Sociedad Civil. Una tercera linea traza la institucionalizacion del MALI: el ciclo curatorial Miradas de fin de siglo, la creacion del Comite de Adquisiciones (2007) y la reapertura del museo (2010). Se acompana de una extensa bibliografia especializada (Buntinx, Castrillon, Lauer, Majluf, Lopez, Tarazona, Quijano, Villacorta), fuente clave para la historiografia del arte peruano contemporaneo."
"Extras/Arte al Paso 2011","Texto de la exposición Arte al Paso 2011.md","Fines de los años 1960 – 2010 (unos 40 años; foco en las décadas de 1970-1980)","Texto de sala / presentación de catálogo (exposición Arte al paso, 2011); archivo digitalizado por OCR el 16-07-2026","Tatiana Cuevas; Rodrigo Quijano; Museo de Arte de Lima (MALI); Emilio Hernández Saavedra; E.P.S. Huayco; Grupo Paréntesis; Sandra Gamarra; Susana Torres; Emilio Rodríguez Larraín; Juan Javier Salazar; William Cordova; José Carlos Martinat","Texto de sala o presentacion general de la exposicion Arte al paso (coleccion contemporanea del MALI en la Pinacoteca de Sao Paulo), firmado por los curadores Tatiana Cuevas y Rodrigo Quijano, en edicion bilingue castellano/portugues. Es una version sintetica del argumento curatorial: parte nuevamente de El Museo de Arte borrado (1970) de Emilio Hernandez Saavedra como metafora de la ausencia institucional y punto de arranque para examinar la escena artistica peruana desde fines de los anos sesenta. Explica el titulo de la muestra a partir de la accion Arte al paso de E.P.S. Huayco (1980) —que, aludiendo a los puestos informales de comida al paso surgidos con la migracion y la economia informal, propuso un arte para consumirse en la calle, opuesto al museo y la galeria ausentes, un arte para pensar y no para sentir que dejaba atras el modernismo conservador de mediados de siglo. Sintetiza cuarenta anos de produccion cultural marcados por oposiciones ocultas y explicitas, los primeros acercamientos al conceptualismo y a las vanguardias internacionales, y la creciente proyeccion internacional de artistas peruanos. Una segunda seccion, Critica ante una institucionalidad faltante y al poder redentor del pasado, reune a Hernandez Saavedra, los grupos Parentesis y E.P.S. Huayco y el museo ficticio de Sandra Gamarra como estrategias de critica institucional apropiadas del conceptualismo y del imaginario popular urbano, con recurrente uso del humor. Aborda ademas la critica a la explotacion comercial y politica de lo prehispanico (Museo Neo-Inka de Susana Torres) y el vinculo entre la retorica del glorioso pasado incaico y los fracasos politicos y economicos del presente en obras de Rodriguez Larrain, Salazar, Cordova y Martinat."
